IU196557,23-02-1983,31-10-2009,IDEPT4938
IU449901,02-09-1985,07-06-2009,IDEPT2357
IU206427,30-07-1971,09-05-2008,IDEPT4670
IU688905,20-07-1973,17-01-2002,IDEPT2601
IU634582,16-11-1991,13-02-2000,IDEPT7626
IU138624,18-05-1979,27-09-2006,IDEPT3778
IU932068,12-07-1985,04-05-2013,IDEPT4132
IU572796,14-01-1978,03-01-2008,IDEPT1142
IU134670,15-12-1980,15-01-2002,IDEPT7626
IU393717,03-04-1973,18-08-2009,IDEPT1825
IU175125,13-07-1985,17-10-2001,IDEPT1615
IU232618,12-02-1979,03-02-2012,IDEPT2601
IU760609,20-04-1983,01-01-2006,IDEPT1537
IU508242,05-04-1988,12-08-1999,IDEPT5109
IU240338,21-03-1994,16-02-2011,IDEPT5881
IU826824,22-05-1988,23-09-2007,IDEPT8313
IU544227,05-11-1990,15-08-2008,IDEPT5127
IU817422,07-07-1990,17-04-2006,IDEPT3778
IU917848,14-08-1976,12-08-2002,IDEPT2357
IU635586,28-04-1991,27-07-2004,IDEPT6347
IU423398,24-06-1990,09-06-2006,IDEPT4938
IU846275,09-09-1974,21-08-2008,IDEPT1615
IU509287,06-10-1975,16-11-2009,IDEPT1615
IU168857,22-03-1992,10-05-2001,IDEPT5109
IU125595,04-09-1992,09-07-2006,IDEPT1367
IU423522,10-07-1977,16-01-2006,IDEPT5109
IU937233,18-06-1992,21-06-2010,IDEPT5881
IU710285,25-10-1970,07-04-2011,IDEPT3115
IU951593,24-11-1991,11-04-2007,IDEPT6347
IU740065,20-04-1990,22-11-1999,IDEPT1423
IU306793,16-12-1976,05-02-2008,IDEPT1378
IU364794,10-07-1994,02-03-2012,IDEPT7626
IU877470,10-11-1991,31-07-2005,IDEPT4938
IU486705,13-02-1983,12-09-2001,IDEPT1825
IU511664,29-07-1987,24-07-2006,IDEPT1825
IU860113,26-07-1971,20-03-2005,IDEPT3062
IU271785,24-01-1970,12-04-2006,IDEPT1533
IU357968,17-05-1974,31-10-2012,IDEPT5528
IU469799,29-03-1984,22-06-2014,IDEPT8313
IU508314,20-03-1974,03-03-2000,IDEPT6347
IU940853,13-10-1983,30-07-1999,IDEPT2601
IU736890,25-12-1978,27-08-2010,IDEPT3778
IU271820,07-06-1983,16-09-2005,IDEPT1615
IU861380,15-01-1985,29-11-2000,IDEPT1378
IU782822,05-05-1974,01-12-2006,IDEPT3778
IU369893,04-05-1971,28-06-2002,IDEPT5109
IU430546,12-04-1993,06-11-2011,IDEPT2601
IU472467,13-11-1988,20-06-2013,IDEPT1378
IU904131,18-09-1980,03-04-2010,IDEPT2601
IU201506,24-09-1986,02-12-2006,IDEPT5127
IU572132,07-11-1973,14-05-2011,IDEPT4055
IU538421,28-03-1975,15-03-2013,IDEPT1615
IU353908,20-02-1987,11-09-2005,IDEPT2601
IU372096,23-02-1976,03-02-2012,IDEPT1615
IU473584,29-04-1983,01-06-2014,IDEPT7783
IU754974,05-10-1976,25-02-2010,IDEPT5109
IU242634,20-06-1984,23-02-2007,IDEPT3868
IU624640,28-10-1987,12-07-2014,IDEPT5881
IU987884,24-10-1971,18-11-2004,IDEPT2357
IU516465,15-05-1984,06-01-2006,IDEPT6347
IU246736,26-12-1972,08-02-2007,IDEPT7626
IU454493,19-08-1988,28-09-2002,IDEPT1142
IU500587,30-11-1979,13-03-2008,IDEPT2425
IU325868,15-06-1976,15-05-2000,IDEPT1388
IU616644,05-07-1973,19-02-2007,IDEPT1423
IU639998,20-04-1994,09-03-2004,IDEPT3115
IU410413,12-11-1983,07-02-2006,IDEPT4132
IU114595,20-08-1986,13-11-2001,IDEPT4055
IU476789,12-03-1993,16-06-2009,IDEPT7783
IU438123,23-01-1975,28-02-2011,IDEPT1378
IU183626,01-11-1975,15-11-2006,IDEPT5881
IU934207,08-09-1971,04-10-2013,IDEPT5127
IU582877,07-07-1970,05-10-2005,IDEPT1615
IU815641,16-09-1990,02-02-2010,IDEPT1825
IU200937,15-12-1970,26-09-2007,IDEPT6347
IU703247,13-10-1985,29-08-2009,IDEPT5127
IU184260,08-12-1970,12-12-2004,IDEPT4670
IU843331,13-02-1982,28-05-2011,IDEPT4938
IU886140,12-08-1982,29-01-2013,IDEPT1677
IU760362,14-02-1980,08-07-2006,IDEPT1537
IU766698,07-09-1982,21-09-2003,IDEPT6347
IU633596,11-01-1981,11-08-2011,IDEPT8379
IU133163,29-09-1989,24-04-2009,IDEPT5408
IU410918,08-09-1985,09-06-2009,IDEPT8598
IU418420,13-05-1978,31-01-2001,IDEPT1423
IU996025,20-06-1991,03-10-2008,IDEPT1142
IU784101,26-01-1982,27-04-2011,IDEPT1537
IU480856,10-06-1991,06-06-2010,IDEPT4938
IU507184,26-06-1986,25-04-2012,IDEPT7783
IU803872,11-04-1975,28-04-2011,IDEPT4132
IU795236,17-12-1991,15-05-2008,IDEPT6347
IU632540,15-08-1981,17-06-2009,IDEPT1423
IU672641,23-10-1975,17-05-2008,IDEPT1537
IU280941,20-08-1969,14-05-2014,IDEPT5109
IU573089,27-06-1976,14-06-2001,IDEPT1367
IU476100,13-12-1976,09-04-2007,IDEPT7626
IU169365,18-02-1982,22-07-2008,IDEPT3868
IU333324,02-02-1986,23-07-2000,IDEPT7005
IU573623,12-12-1986,04-12-2003,IDEPT5528
IU263609,17-01-1985,14-12-1999,IDEPT8598
IU799085,02-09-1977,13-05-2014,IDEPT2425
IU464114,30-11-1972,27-05-2003,IDEPT1378
IU282074,19-08-1976,14-08-2008,IDEPT1537
IU300723,16-10-1985,31-07-2001,IDEPT4670
IU311031,04-06-1970,20-01-2004,IDEPT4132
IU976665,09-11-1985,24-04-2002,IDEPT1367
IU796590,01-01-1992,03-03-2012,IDEPT5408
IU160380,06-10-1985,17-11-2002,IDEPT4938
IU124164,08-06-1971,16-08-2004,IDEPT4938
IU293826,19-11-1982,24-10-2007,IDEPT1615
IU602414,18-12-1978,04-09-2006,IDEPT2601
IU797991,14-10-1990,13-09-2001,IDEPT8313
IU718477,11-07-1994,24-12-2005,IDEPT3115
IU177035,13-02-1983,30-04-2011,IDEPT8379
IU340320,14-11-1978,17-12-2013,IDEPT4670
IU603759,18-07-1979,24-05-2004,IDEPT1388
IU352216,27-01-1979,18-06-2007,IDEPT1825
IU780361,16-10-1989,29-07-2005,IDEPT2054
IU595413,23-03-1990,07-11-2012,IDEPT5109
IU209624,05-11-1983,17-02-2006,IDEPT2425
IU885411,12-01-1985,20-06-2007,IDEPT4670
IU238192,02-07-1991,17-08-2008,IDEPT7626
IU326182,14-09-1976,18-03-2011,IDEPT1423
IU995116,30-06-1975,26-10-1999,IDEPT8598
IU976864,02-04-1973,17-05-2002,IDEPT4132
IU908955,22-07-1970,24-03-2006,IDEPT8313
IU843323,18-09-1971,19-02-2000,IDEPT2054
IU870897,28-05-1978,01-03-2004,IDEPT5127
IU216190,11-07-1970,03-11-2008,IDEPT3062
IU960771,17-02-1983,16-06-2002,IDEPT7626
IU167781,17-11-1989,01-04-2014,IDEPT8313
IU748850,19-02-1980,22-12-1999,IDEPT1378
IU680743,08-11-1973,08-06-2006,IDEPT4938
IU348664,30-08-1969,01-02-2002,IDEPT6347
IU300148,26-11-1990,14-01-2001,IDEPT1142
IU968470,27-07-1983,06-10-2010,IDEPT6347
IU338809,30-06-1991,22-04-2004,IDEPT1533
IU119855,16-02-1974,05-07-2013,IDEPT5109
IU171535,23-11-1972,13-10-2013,IDEPT1677
IU428631,27-11-1987,02-06-2001,IDEPT1825
IU674290,24-07-1983,29-03-2006,IDEPT1367
IU580499,08-12-1981,29-01-2011,IDEPT2054
IU486342,13-05-1994,11-10-2008,IDEPT7626
IU820511,24-12-1984,11-11-2010,IDEPT1367
IU407408,31-01-1973,19-10-2006,IDEPT4132
IU171891,15-04-1971,18-07-2003,IDEPT3115
IU275641,01-01-1978,15-01-2014,IDEPT4055
IU780299,05-12-1988,03-10-2007,IDEPT4938
IU300673,15-05-1984,28-03-2001,IDEPT5528
IU301330,30-11-1980,05-08-2001,IDEPT2357
IU564831,27-08-1981,15-05-2006,IDEPT1388
IU391736,19-01-1988,02-09-2007,IDEPT5127
IU133525,01-09-1978,26-08-2010,IDEPT2357
IU160119,16-07-1979,27-04-2003,IDEPT4132
IU806621,25-01-1983,29-07-2009,IDEPT1142
IU908741,07-07-1986,23-11-2013,IDEPT1677
IU821348,28-04-1980,13-04-2010,IDEPT1537
IU271286,18-06-1971,30-05-2007,IDEPT3868
IU859028,09-11-1985,22-12-2009,IDEPT1367
IU440953,10-02-1991,21-08-2012,IDEPT8313
IU782253,30-07-1988,03-06-2011,IDEPT2054
IU641916,25-01-1980,23-02-2008,IDEPT7005
IU705753,12-05-1985,20-02-2001,IDEPT1367
IU753520,05-12-1972,04-10-2006,IDEPT3062
IU829108,12-01-1976,11-05-2007,IDEPT6347
IU138448,12-04-1970,10-03-2003,IDEPT8313
IU420763,06-02-1974,27-05-2008,IDEPT7626
IU233038,02-10-1992,12-12-2008,IDEPT5528
IU695482,11-12-1977,18-04-2008,IDEPT4938
IU528881,13-12-1992,27-03-2011,IDEPT5127
IU780387,26-12-1977,13-02-2006,IDEPT7783
IU758744,20-04-1991,24-06-2000,IDEPT5528
IU614210,01-06-1979,02-09-2001,IDEPT4670
IU570506,11-09-1970,09-10-2005,IDEPT4670
IU277655,04-06-1988,18-09-2001,IDEPT5408
IU677053,01-02-1992,27-05-2003,IDEPT5408
IU661044,18-07-1989,08-04-2010,IDEPT7626
IU739520,16-05-1976,25-05-2001,IDEPT5881
IU445489,01-10-1988,24-01-2006,IDEPT5127
IU838077,18-07-1993,12-04-2007,IDEPT1825
IU164953,30-06-1991,26-07-2007,IDEPT3868
IU605579,29-07-1973,13-08-2007,IDEPT1677
IU202628,11-06-1981,19-05-2007,IDEPT8379
IU469763,17-12-1984,07-04-2010,IDEPT1142
IU429696,03-12-1993,12-01-2001,IDEPT5127
IU702617,30-09-1969,01-04-2008,IDEPT6347
IU301679,04-10-1986,01-01-2014,IDEPT1388
IU136186,03-11-1984,11-07-2014,IDEPT1142
IU226782,07-11-1978,09-09-2013,IDEPT1533
IU469798,13-06-1983,27-08-2008,IDEPT5109
IU731281,26-01-1976,02-07-2007,IDEPT5408
IU573049,08-05-1994,01-03-2000,IDEPT3115
IU845710,09-05-1972,26-10-2001,IDEPT5109
IU228243,13-03-1971,28-09-2003,IDEPT1615
IU684059,03-11-1974,12-03-2000,IDEPT6347
IU869693,26-12-1972,13-01-2010,IDEPT2054
IU418731,10-01-1983,13-04-2014,IDEPT1825
IU397409,29-10-1980,24-08-2006,IDEPT7783
IU892420,11-08-1969,04-08-2001,IDEPT7783
IU122721,21-01-1990,30-08-2005,IDEPT2601
IU512644,22-07-1989,01-08-2009,IDEPT4132
IU909240,31-01-1982,09-05-2014,IDEPT3115
IU663263,30-12-1980,05-02-2004,IDEPT5109
IU425212,22-01-1976,10-12-2012,IDEPT4670
IU202625,27-11-1976,14-11-2011,IDEPT1533
IU738148,20-01-1993,13-12-2013,IDEPT1388
IU430177,31-12-1984,20-10-2007,IDEPT4670
IU635288,13-03-1970,05-06-2012,IDEPT3115
IU789680,25-12-1981,09-07-2010,IDEPT3062
IU182243,21-01-1992,09-11-2008,IDEPT8313
IU327985,06-07-1983,24-08-2009,IDEPT4132
IU533528,20-05-1985,03-03-2005,IDEPT3115
IU723031,06-06-1981,20-07-2006,IDEPT8379
IU934910,08-01-1986,04-06-2009,IDEPT1537
IU169952,25-10-1990,11-03-2004,IDEPT5408
IU178366,25-10-1991,01-11-2004,IDEPT3062
IU721549,19-06-1991,02-12-2009,IDEPT1142
IU516266,03-09-1977,06-12-2004,IDEPT4670
IU862692,24-02-1989,16-10-2012,IDEPT1825
IU207880,22-10-1990,25-11-2012,IDEPT5109
IU820075,29-09-1970,03-11-2013,IDEPT8379
IU427979,04-10-1984,12-06-2012,IDEPT3062
IU325411,30-10-1986,01-03-2009,IDEPT1677
IU559192,06-06-1980,19-01-2009,IDEPT4670
IU642949,02-09-1989,24-04-2012,IDEPT1537
IU341933,11-07-1990,01-08-2012,IDEPT7005
IU906322,18-10-1976,21-01-2001,IDEPT4670
IU816890,21-06-1979,09-08-1999,IDEPT4938
IU506955,14-10-1972,19-05-2006,IDEPT8598
IU211110,04-04-1983,01-08-2012,IDEPT2601
IU408398,30-01-1987,25-07-2001,IDEPT1825
IU751501,14-12-1983,28-06-2002,IDEPT4055
IU170799,01-03-1974,12-03-2005,IDEPT6347
IU752831,21-01-1989,12-12-2005,IDEPT7783
IU850341,03-08-1989,24-01-2001,IDEPT7626
IU410633,01-05-1979,14-08-2008,IDEPT1388
IU864193,30-01-1993,12-11-2013,IDEPT6347
IU681338,12-12-1975,07-03-2009,IDEPT2601
IU265455,25-10-1982,04-02-2001,IDEPT8598
IU375598,22-05-1989,21-10-2000,IDEPT3778
IU508574,20-11-1970,10-10-2009,IDEPT2601
IU960495,19-06-1988,30-08-2003,IDEPT1537
IU428752,24-06-1974,09-06-2007,IDEPT3868
IU204067,02-05-1979,07-07-2006,IDEPT3062
IU208561,26-10-1988,31-01-2011,IDEPT8379
IU519293,15-09-1984,04-06-2009,IDEPT3062
IU822516,09-07-1978,25-05-2014,IDEPT5881
IU995320,05-03-1977,17-07-2003,IDEPT1825
IU964518,23-06-1981,23-08-2013,IDEPT5881
IU894235,12-11-1973,26-08-2012,IDEPT1615
IU288401,18-03-1977,08-09-1999,IDEPT3868
IU291748,15-12-1989,29-07-2001,IDEPT5881
IU241381,13-07-1994,16-11-2011,IDEPT1142
IU268506,16-07-1982,19-02-2007,IDEPT8598
IU366991,05-09-1991,12-10-2002,IDEPT5528
IU399810,28-09-1976,29-01-2009,IDEPT8313
IU312327,24-04-1975,17-03-2012,IDEPT3778
IU153231,24-10-1969,27-11-2007,IDEPT3115
IU657927,11-12-1982,03-05-2001,IDEPT2425
IU191586,18-09-1978,23-04-2002,IDEPT7626
IU246186,02-11-1986,19-01-2009,IDEPT2054
IU981891,27-04-1977,10-03-2009,IDEPT1378
IU538991,06-04-1994,20-03-2014,IDEPT5109
IU268651,23-11-1971,26-10-2002,IDEPT3778
IU738373,05-03-1978,14-01-2005,IDEPT5127
IU944782,31-08-1980,27-08-2007,IDEPT3115
IU626787,05-11-1977,05-08-2010,IDEPT2601
IU214283,24-02-1980,27-12-2008,IDEPT2425
IU510307,03-09-1988,25-01-2011,IDEPT3778
IU761906,11-12-1976,10-04-2013,IDEPT5109
IU390465,04-08-1989,13-05-2001,IDEPT3778
IU490542,31-03-1984,30-01-2005,IDEPT8379
IU349204,22-12-1981,27-09-2009,IDEPT4938
IU323581,18-02-1987,27-09-2008,IDEPT3115
IU217492,08-05-1970,20-11-2003,IDEPT2601
IU220175,03-04-1990,10-01-2002,IDEPT7783
IU821623,31-05-1977,01-01-2007,IDEPT7626
IU870155,14-09-1989,31-10-2008,IDEPT1388
IU480250,27-05-1988,27-01-2010,IDEPT1388
IU819549,11-06-1989,27-03-2007,IDEPT1533
IU187772,29-07-1983,11-05-2013,IDEPT7626
IU498408,30-09-1992,20-08-2005,IDEPT1677
IU124080,21-02-1976,31-10-2003,IDEPT1677
IU260788,10-05-1979,19-11-2007,IDEPT1615
IU366351,12-11-1976,16-10-2003,IDEPT1423
IU492187,25-12-1989,04-07-2014,IDEPT1142
IU222599,18-09-1969,19-08-2013,IDEPT3115
IU415304,27-03-1975,23-11-2013,IDEPT2425
IU947736,08-11-1988,24-11-2008,IDEPT2425
IU906894,15-09-1975,19-12-2010,IDEPT3115
IU973524,04-04-1983,08-02-2011,IDEPT1388
IU327964,29-10-1975,05-08-2000,IDEPT7783
IU370459,03-08-1990,22-04-2006,IDEPT3778
IU444477,30-04-1979,30-03-2005,IDEPT4132
IU571216,22-02-1976,11-10-2007,IDEPT1388
IU630070,13-03-1985,27-04-2000,IDEPT4670
IU317969,26-09-1986,25-05-2000,IDEPT1537
IU342775,18-06-1993,23-06-2011,IDEPT2601
IU348500,10-10-1973,31-08-2013,IDEPT4938
IU971602,10-11-1975,24-05-2013,IDEPT4132
IU610008,16-05-1973,23-04-2009,IDEPT4132
IU976032,13-07-1979,15-09-2006,IDEPT3868
IU879530,28-04-1986,11-01-2004,IDEPT5109
IU777655,11-06-1978,12-10-2008,IDEPT2357
IU146516,29-01-1987,06-03-2010,IDEPT1677
IU588644,08-02-1972,26-05-2002,IDEPT1615
IU131301,08-10-1987,24-05-2010,IDEPT5109
IU330011,24-02-1973,16-05-2002,IDEPT8379
IU437832,04-05-1972,06-05-2002,IDEPT7005
IU603458,26-08-1973,30-05-2004,IDEPT1367
IU290072,14-04-1987,20-03-2012,IDEPT4132
IU674734,20-12-1987,22-12-2002,IDEPT2357
IU923599,22-05-1990,27-12-2011,IDEPT1142
IU263351,20-12-1978,21-04-2009,IDEPT3778
IU677544,11-02-1984,15-05-2000,IDEPT1537
IU304996,25-12-1987,13-07-2008,IDEPT5127
IU689925,13-02-1975,04-10-2007,IDEPT2357
IU250243,29-06-1987,26-02-2004,IDEPT5408
IU643936,02-09-1973,09-06-2012,IDEPT1378
IU320174,08-06-1972,22-01-2007,IDEPT5528
IU704775,16-11-1979,22-12-2004,IDEPT1367
IU832124,21-08-1982,27-02-2002,IDEPT1142
IU625266,18-05-1981,18-12-2012,IDEPT1423
IU528344,16-04-1978,13-06-2011,IDEPT1388
IU456695,30-03-1988,14-06-2008,IDEPT1825
IU533189,01-11-1975,22-11-2007,IDEPT4938
IU201056,28-02-1975,21-11-2003,IDEPT1423
IU906576,11-10-1979,30-10-2000,IDEPT7005
IU335562,17-08-1974,07-04-2014,IDEPT2357
IU193468,15-07-1975,16-11-2012,IDEPT5109
IU351745,22-02-1987,06-05-2012,IDEPT5109
IU345987,14-05-1987,08-04-2014,IDEPT3115
IU299274,23-10-1972,23-04-2002,IDEPT2054
IU482350,16-06-1986,22-11-2010,IDEPT5408
IU123559,25-07-1984,07-05-2012,IDEPT5881
IU698701,18-05-1987,28-12-2005,IDEPT4670
IU215930,23-11-1982,15-02-2002,IDEPT4938
IU191434,02-10-1981,03-12-2007,IDEPT6347
IU826622,29-07-1987,27-10-2008,IDEPT5109
IU817598,25-05-1979,02-07-2002,IDEPT1423
IU155569,06-12-1972,23-04-2013,IDEPT8379
IU390407,06-01-1981,09-05-2010,IDEPT8379
IU863998,08-12-1981,21-06-2001,IDEPT5109
IU922106,18-03-1985,02-03-2014,IDEPT3868
IU237580,01-05-1973,04-03-2014,IDEPT3062
IU241057,12-05-1986,24-08-2013,IDEPT4670
IU325317,15-02-1994,02-11-2009,IDEPT1825
IU616128,19-11-1993,21-01-2010,IDEPT1537
IU219814,20-10-1978,20-02-2012,IDEPT1533
IU715343,08-11-1972,06-01-2008,IDEPT1533
IU927129,05-02-1994,03-09-2008,IDEPT5528
IU548721,03-11-1970,29-07-2005,IDEPT8379
IU329263,05-12-1981,04-02-2000,IDEPT3778
IU585927,07-05-1981,27-05-2014,IDEPT8313
IU632690,02-01-1973,31-05-2008,IDEPT5528
IU319397,13-04-1994,28-06-2006,IDEPT5127
IU515736,19-05-1993,30-04-2000,IDEPT3115
IU933877,05-09-1976,01-07-2007,IDEPT1367
IU873202,02-09-1987,23-03-2012,IDEPT3115
IU752119,03-07-1978,04-11-2005,IDEPT2357
IU123411,03-02-1982,07-06-2013,IDEPT2425
IU825545,18-12-1976,21-06-2008,IDEPT1367
IU398297,06-03-1984,15-03-2002,IDEPT1825
IU466140,14-02-1977,18-04-2011,IDEPT7783
IU651561,15-11-1986,18-07-2007,IDEPT2357
IU132090,01-06-1974,26-04-2005,IDEPT1388
IU429751,26-05-1970,10-07-2011,IDEPT4055
IU498688,06-01-1993,11-03-2013,IDEPT4055
IU243623,19-12-1973,30-12-2013,IDEPT4938
IU739269,23-02-1984,22-08-2003,IDEPT1533
IU173065,19-11-1981,06-05-2006,IDEPT7783
IU293657,17-08-1993,01-04-2013,IDEPT5127
IU736531,22-11-1992,24-11-2011,IDEPT1378
IU146874,09-01-1982,25-09-2004,IDEPT1533
IU928832,20-11-1972,17-11-2006,IDEPT2425
IU567357,06-11-1978,17-04-2008,IDEPT3062
IU920159,20-12-1991,20-07-2004,IDEPT1537
IU428129,17-11-1976,06-11-2001,IDEPT1388
IU568060,01-09-1978,06-03-2014,IDEPT8379
IU855724,04-12-1977,18-09-2007,IDEPT1537
IU750151,23-05-1988,17-08-2001,IDEPT2425
IU527590,17-03-1974,22-08-2008,IDEPT2054
IU636090,13-01-1986,07-07-2002,IDEPT5881
IU752672,30-04-1975,21-05-2009,IDEPT5109
IU227724,04-04-1987,21-11-2005,IDEPT3868
IU827705,29-12-1976,31-03-2011,IDEPT7783
IU255180,14-01-1972,17-05-2010,IDEPT3778
IU361823,08-11-1984,28-03-2002,IDEPT1378
IU859418,13-03-1976,08-09-2006,IDEPT3778
IU386628,19-11-1987,16-11-2008,IDEPT4132
IU713667,25-04-1986,28-07-2007,IDEPT2601
IU542025,24-01-1976,08-12-1999,IDEPT1367
IU140338,21-07-1971,29-09-2001,IDEPT8313
IU763930,16-12-1978,22-05-2000,IDEPT7626
IU216642,25-04-1976,31-07-2002,IDEPT1378
IU662929,18-07-1979,09-08-2012,IDEPT8313
IU235093,27-11-1993,21-08-2004,IDEPT2054
IU784869,25-12-1992,27-08-2004,IDEPT5528
IU820355,07-09-1980,08-03-2009,IDEPT2601
IU221973,26-12-1993,12-01-2010,IDEPT5528
IU168958,30-03-1970,02-09-2006,IDEPT3778
IU578797,04-08-1991,23-01-2011,IDEPT2357
IU776397,19-06-1987,25-10-2003,IDEPT4055
IU920407,29-06-1982,29-03-2000,IDEPT1677
IU207444,06-12-1973,30-09-2011,IDEPT2601
IU625318,30-10-1971,06-04-2010,IDEPT5408
IU184903,13-07-1971,01-02-2012,IDEPT5408
IU598107,26-08-1984,30-09-2000,IDEPT2601
IU683857,24-05-1980,22-12-2005,IDEPT2425
IU661947,02-02-1988,27-06-2013,IDEPT2425
IU413078,16-11-1972,10-06-2005,IDEPT8313
IU248589,16-06-1990,06-04-2003,IDEPT1825
IU794640,17-02-1972,10-05-2012,IDEPT1388
IU612761,17-07-1994,15-11-2007,IDEPT5881
IU163934,14-10-1978,07-06-2013,IDEPT7005
IU246634,28-10-1987,13-05-2003,IDEPT5408
IU369805,30-06-1989,17-04-2004,IDEPT7626
IU994214,13-01-1991,03-12-2002,IDEPT7783
IU321723,07-05-1986,18-02-2005,IDEPT7626
IU815760,27-02-1988,23-12-2013,IDEPT7626
IU763815,14-04-1977,23-08-2003,IDEPT7626
IU612744,11-06-1990,25-08-1999,IDEPT1423
IU995250,08-06-1990,18-08-2001,IDEPT4670
IU742510,23-12-1970,07-10-2002,IDEPT2054
IU877835,26-11-1970,12-07-2007,IDEPT1615
IU726156,06-12-1972,20-05-2004,IDEPT3868
IU357109,20-01-1979,30-12-2000,IDEPT1615
IU309800,17-08-1992,26-11-2002,IDEPT1388
IU717028,09-07-1979,27-03-2010,IDEPT5881
IU338625,27-11-1987,21-07-2003,IDEPT3778
IU175504,05-03-1990,13-07-2013,IDEPT4670
IU969369,23-04-1978,02-11-2001,IDEPT5127
IU190368,19-10-1978,12-09-2004,IDEPT2054
IU529688,04-11-1987,02-12-2006,IDEPT5127
IU837169,31-07-1992,14-07-2008,IDEPT1423
IU388674,18-04-1992,07-04-2014,IDEPT3115
IU517560,26-07-1978,06-11-2006,IDEPT8313
IU470457,23-05-1981,24-06-2006,IDEPT5408
IU651302,29-10-1985,04-07-2010,IDEPT1388
IU151581,02-12-1974,28-05-2000,IDEPT1533
IU656073,28-01-1975,21-02-2006,IDEPT2425
IU136453,06-01-1980,21-10-1999,IDEPT4055
IU170457,18-05-1973,18-07-2007,IDEPT5109
IU401825,30-07-1993,23-04-2008,IDEPT2357
IU899277,05-11-1988,14-06-2009,IDEPT1142
IU427981,07-03-1981,16-05-2005,IDEPT8598
IU330126,07-08-1987,10-09-2004,IDEPT1615
IU537101,13-07-1992,31-03-2003,IDEPT1533
IU605891,14-01-1980,14-03-2012,IDEPT1423
IU252300,19-11-1986,21-03-2007,IDEPT2357
IU302290,04-08-1975,31-05-2004,IDEPT5408
IU525119,04-02-1978,01-07-2010,IDEPT3868
IU132172,16-04-1981,20-07-1999,IDEPT4055
IU313801,07-06-1986,08-08-2001,IDEPT1142
IU388666,13-02-1993,06-02-2007,IDEPT5528
IU180575,15-06-1982,04-09-2006,IDEPT3868
IU117698,30-04-1988,07-02-2009,IDEPT5528
IU243018,09-07-1982,14-01-2012,IDEPT3115
IU360008,05-10-1979,18-09-2001,IDEPT4055
IU687483,27-03-1987,17-09-2006,IDEPT1615
IU123462,23-10-1981,24-12-2004,IDEPT5528
IU452709,26-04-1972,16-09-2006,IDEPT8313
IU341934,01-02-1972,27-06-2000,IDEPT6347
IU813724,24-11-1981,28-10-2000,IDEPT7783
IU264087,22-04-1976,26-11-2001,IDEPT2357
IU994689,25-08-1993,26-03-2005,IDEPT5109
IU332671,03-08-1973,19-08-2003,IDEPT1615
IU141872,30-12-1981,17-09-2005,IDEPT7783
IU981557,30-10-1981,24-01-2014,IDEPT1378
IU978568,02-11-1970,22-10-2010,IDEPT4132
IU692670,03-03-1977,21-06-2008,IDEPT5408
IU769461,09-08-1973,27-12-2004,IDEPT5881
IU495951,12-01-1979,21-07-2008,IDEPT5109
IU280711,16-02-1992,20-08-2002,IDEPT1388
IU939315,07-07-1990,19-10-2004,IDEPT1537
IU508882,25-02-1993,18-04-2006,IDEPT5109
IU606440,14-02-1970,14-03-2003,IDEPT1367
IU493308,09-04-1990,31-07-2011,IDEPT4670
IU862282,27-07-1980,22-05-2005,IDEPT1388
IU735889,27-08-1981,01-12-2012,IDEPT5109
IU210386,30-11-1988,15-07-2007,IDEPT3115
IU420817,27-10-1973,29-12-2003,IDEPT2425
IU676965,14-06-1978,28-08-1999,IDEPT4132
IU668015,05-07-1994,19-05-2013,IDEPT1367
IU188961,05-05-1973,25-08-2011,IDEPT1367
IU735338,25-08-1969,25-04-2010,IDEPT2357
IU206620,02-12-1981,15-01-2006,IDEPT1142
IU804279,26-03-1987,11-09-2013,IDEPT1378
IU148710,31-01-1972,23-10-1999,IDEPT8379
IU925003,14-09-1972,02-05-2003,IDEPT1367
IU265380,21-04-1991,26-07-2012,IDEPT1677
IU967952,23-08-1980,31-07-2007,IDEPT3868
IU185809,25-02-1972,16-09-2008,IDEPT4670
IU686897,20-07-1976,14-12-2005,IDEPT8598
IU181001,17-09-1986,13-11-2006,IDEPT2601
IU612137,07-01-1982,31-03-2012,IDEPT1142
IU131224,31-12-1984,17-08-2007,IDEPT3778
IU569109,05-12-1981,29-06-2005,IDEPT5109
IU799895,03-06-1978,19-01-2008,IDEPT8379
IU839795,11-08-1976,22-06-2000,IDEPT1677
IU417180,12-01-1970,02-11-2002,IDEPT2357
IU210927,12-01-1979,20-07-2010,IDEPT4055
IU206105,23-06-1989,25-09-2001,IDEPT7783
IU383907,13-08-1990,15-04-2013,IDEPT1367
IU583972,23-07-1986,09-05-2008,IDEPT3778
IU653615,14-02-1994,12-03-2004,IDEPT1388
IU556080,16-12-1984,20-12-2009,IDEPT1825
IU684832,19-01-1988,14-02-2001,IDEPT1367
IU502086,23-03-1975,27-07-2013,IDEPT5109
IU243903,03-09-1993,07-06-2002,IDEPT4670
IU140464,19-09-1970,05-10-2009,IDEPT5408
IU828483,29-08-1989,30-04-2007,IDEPT8313
IU542528,18-04-1988,20-11-2000,IDEPT2601
IU791247,11-11-1977,14-09-2008,IDEPT1615
IU899908,29-06-1986,24-10-2006,IDEPT1142
IU682435,08-11-1985,06-08-2009,IDEPT1533
IU258875,12-01-1983,14-10-2002,IDEPT3115
IU137365,24-08-1977,03-07-2000,IDEPT4938
IU679069,06-04-1978,18-12-2009,IDEPT5528
IU139924,12-09-1982,06-06-2010,IDEPT2054
IU124936,03-04-1973,25-12-1999,IDEPT1615
IU495263,03-05-1979,03-01-2011,IDEPT3868
IU344433,11-09-1991,26-06-2002,IDEPT1615
IU186037,25-08-1975,07-04-2009,IDEPT7626
IU895618,14-08-1971,03-08-2006,IDEPT4938
IU231832,13-10-1983,06-07-2002,IDEPT8379
IU420314,26-07-1971,25-04-2011,IDEPT3868
IU539590,28-07-1993,30-03-2000,IDEPT1533
IU283470,25-03-1971,02-12-2005,IDEPT5881
IU351717,14-04-1982,14-04-2005,IDEPT1615
IU644580,03-05-1972,28-04-2002,IDEPT5109
IU573587,01-01-1977,16-05-2012,IDEPT1533
IU567359,13-05-1981,16-03-2000,IDEPT6347
IU967211,10-02-1977,18-04-2008,IDEPT8313
IU861400,27-07-1980,06-01-2005,IDEPT4670
IU272917,06-10-1990,22-09-2010,IDEPT3115
IU414718,23-02-1984,05-01-2000,IDEPT4938
IU823705,09-12-1979,09-11-2002,IDEPT4670
IU933244,28-12-1991,05-04-2001,IDEPT1142
IU911746,30-06-1979,27-04-2014,IDEPT5528
IU216929,09-01-1993,07-02-2004,IDEPT1388
IU278688,28-12-1979,23-10-2011,IDEPT4670
IU533233,14-06-1980,20-07-1999,IDEPT4132
IU603202,26-07-1987,29-12-2004,IDEPT5408
IU982994,21-12-1974,27-08-2002,IDEPT8379
IU570214,12-08-1984,01-09-2009,IDEPT5881
IU683287,02-10-1992,28-01-2010,IDEPT2425
IU330110,25-11-1992,10-06-2008,IDEPT2357
IU800340,24-04-1972,06-05-2011,IDEPT5408
IU892357,25-04-1970,15-04-2007,IDEPT5109
IU358048,02-10-1992,21-09-2005,IDEPT7783
IU747393,03-04-1983,22-08-2007,IDEPT4670
IU383656,26-06-1994,23-04-2001,IDEPT1533
IU725181,10-07-1982,24-02-2001,IDEPT1677
IU312786,01-02-1992,18-09-2001,IDEPT3778
IU889347,30-12-1971,24-10-2005,IDEPT8598
IU184696,11-01-1987,24-09-2003,IDEPT7626
IU564750,24-10-1988,02-04-2009,IDEPT7783
IU498964,03-06-1972,24-06-2007,IDEPT1537
IU268125,19-09-1988,27-08-2009,IDEPT3115
IU881669,17-07-1978,18-05-2004,IDEPT2357
IU312832,04-11-1980,24-12-2012,IDEPT4670
IU362922,19-06-1987,26-09-2001,IDEPT6347
IU185367,02-04-1971,22-04-2001,IDEPT7005
IU292300,15-10-1987,08-02-2014,IDEPT1825
IU428107,23-06-1991,17-06-2004,IDEPT1615
IU292460,12-07-1990,24-02-2005,IDEPT7005
IU647093,18-09-1992,06-04-2001,IDEPT1142
IU685928,11-08-1988,29-08-2000,IDEPT8598
IU621337,30-08-1976,30-03-2006,IDEPT4055
IU172247,23-05-1971,26-02-2005,IDEPT3778
IU452249,03-06-1991,06-07-2001,IDEPT8313
IU369201,21-01-1972,19-11-2007,IDEPT5881
IU809115,01-02-1973,20-06-2001,IDEPT8313
IU262644,26-07-1992,12-05-2013,IDEPT7783
IU674728,21-06-1970,22-01-2001,IDEPT8598
IU978644,16-11-1986,19-11-2009,IDEPT2601
IU366586,24-08-1975,17-06-2006,IDEPT5109
IU633408,14-02-1982,02-04-2007,IDEPT1367
IU917540,18-12-1978,18-06-2004,IDEPT5881
IU430993,11-10-1990,26-01-2003,IDEPT2054
IU239143,15-12-1987,21-07-2009,IDEPT1533
IU989035,13-01-1971,08-06-2011,IDEPT1537
IU855598,08-02-1986,11-02-2003,IDEPT5528
IU738031,17-03-1989,01-07-2005,IDEPT4055
IU444951,05-07-1983,23-11-2000,IDEPT2601
IU783461,06-05-1971,25-01-2007,IDEPT1378
IU212636,20-09-1993,27-02-2003,IDEPT6347
IU465873,15-10-1969,12-11-2008,IDEPT2054
IU469222,25-05-1985,28-04-2013,IDEPT5881
IU689487,17-06-1984,06-01-2014,IDEPT5881
IU621925,10-08-1972,20-03-2002,IDEPT5127
IU911771,13-09-1971,16-06-2014,IDEPT1423
IU702448,14-12-1985,04-06-2005,IDEPT2357
IU772006,04-12-1988,23-12-2003,IDEPT5881
IU973982,24-12-1985,18-08-2010,IDEPT4132
IU444712,15-09-1991,10-03-2004,IDEPT5528
IU207584,14-12-1990,03-01-2011,IDEPT2425
IU885654,16-04-1983,14-04-2008,IDEPT1388
IU609673,03-02-1982,08-08-2000,IDEPT5528
IU209964,04-05-1976,19-05-2002,IDEPT1142
IU311953,16-05-1982,05-11-2007,IDEPT5109
IU184371,03-04-1988,24-01-2010,IDEPT8313
IU214879,21-06-1988,10-12-2008,IDEPT7626
IU834269,24-04-1976,18-10-2000,IDEPT5528
IU201665,08-11-1988,22-07-2013,IDEPT1423
IU754097,04-02-1994,20-05-2014,IDEPT8598
IU281793,06-06-1970,25-01-2002,IDEPT8598
IU523913,08-01-1992,11-12-2005,IDEPT5528
IU619477,12-10-1982,05-04-2014,IDEPT1615
IU460526,20-09-1993,27-01-2005,IDEPT4938
IU605873,30-05-1990,31-07-2003,IDEPT8379
IU291184,21-06-1991,03-03-2010,IDEPT1537
IU758967,18-06-1984,03-12-2010,IDEPT2054
IU136562,25-07-1988,17-05-2003,IDEPT6347
IU265603,26-12-1973,03-09-2009,IDEPT3778
IU347145,02-03-1973,20-06-2013,IDEPT8379
IU713573,27-12-1985,12-05-2003,IDEPT8598
IU419541,25-06-1988,10-05-2001,IDEPT1825
IU342000,04-06-1985,26-02-2007,IDEPT3115
IU508884,20-06-1974,24-11-2004,IDEPT1367
IU820593,27-06-1994,20-09-1999,IDEPT2425
IU773440,04-05-1989,12-03-2000,IDEPT5881
IU149457,12-10-1986,04-04-2000,IDEPT4938
IU745611,22-04-1985,25-04-2010,IDEPT3062
IU808348,14-12-1969,23-02-2001,IDEPT3062
IU216145,13-10-1993,29-04-2006,IDEPT1378
IU244735,05-09-1991,30-12-2010,IDEPT5881
IU328947,07-02-1985,07-12-2002,IDEPT7005
IU756505,21-02-1983,25-07-2009,IDEPT4132
IU933212,08-03-1982,01-09-2001,IDEPT7005
IU849945,07-06-1972,29-01-2008,IDEPT5109
IU843284,19-03-1981,08-07-2013,IDEPT1423
IU161728,23-11-1973,06-11-2011,IDEPT3062
IU222518,10-05-1987,25-08-2002,IDEPT1378
IU328218,11-01-1976,13-01-2005,IDEPT1423
IU363158,01-08-1970,14-02-2014,IDEPT5127
IU766289,19-03-1979,02-04-2000,IDEPT8313
IU724113,09-03-1971,22-12-2004,IDEPT8313
IU777548,31-12-1987,20-10-2009,IDEPT4055
IU716739,30-05-1979,15-05-2007,IDEPT8598
IU346406,02-03-1990,10-09-2008,IDEPT1367
IU123688,19-11-1981,30-09-2010,IDEPT4670
IU147959,23-02-1977,12-05-2003,IDEPT4938
IU355955,16-01-1976,27-01-2008,IDEPT8313
IU370004,01-08-1978,28-03-2014,IDEPT7005
IU469282,15-02-1983,02-05-2008,IDEPT1388
IU239081,02-12-1991,12-11-2002,IDEPT1537
IU819618,22-12-1974,17-12-2003,IDEPT8379
IU701692,12-09-1988,26-03-2010,IDEPT3062
IU127170,23-10-1990,13-07-2008,IDEPT7783
IU637845,11-11-1973,16-02-2001,IDEPT3115
IU847613,17-10-1975,09-02-2007,IDEPT3062
IU325646,16-12-1985,13-06-2012,IDEPT3115
IU127182,11-10-1982,17-03-2009,IDEPT4938
IU921974,22-04-1980,20-04-2006,IDEPT1677
IU719669,15-03-1971,08-09-2007,IDEPT1615
IU843807,20-10-1977,21-09-2002,IDEPT8379
IU922538,05-11-1990,29-08-2010,IDEPT7783
IU834872,18-12-1984,29-06-2001,IDEPT5528
IU659166,18-08-1992,27-04-2007,IDEPT1615
IU650599,10-10-1973,03-07-2004,IDEPT5528
IU477466,29-01-1979,07-07-2013,IDEPT3115
IU806804,26-12-1973,27-06-2004,IDEPT4670
IU238243,26-05-1982,18-07-2009,IDEPT4670
IU656557,29-09-1973,08-02-2007,IDEPT7783
IU559726,01-08-1981,16-12-2012,IDEPT1537
IU749926,17-02-1979,14-01-2012,IDEPT2054
IU505256,12-07-1974,14-03-2011,IDEPT1533
IU739904,03-09-1985,02-11-2000,IDEPT3778
IU932895,04-01-1979,22-01-2002,IDEPT5127
IU407811,16-10-1976,08-03-2014,IDEPT1388
IU302696,10-12-1979,22-08-2005,IDEPT6347
IU143571,24-02-1978,06-04-2002,IDEPT5109
IU740565,28-01-1980,15-08-2003,IDEPT5881
IU801417,20-09-1992,08-08-2001,IDEPT7005
IU541306,24-10-1982,21-03-2006,IDEPT7626
IU824288,16-05-1971,31-10-2005,IDEPT1677
IU702525,26-04-1971,15-10-2007,IDEPT1378
IU703636,05-11-1993,01-05-2012,IDEPT3868
IU337472,21-07-1982,12-11-2013,IDEPT3868
IU799516,15-02-1970,06-07-2011,IDEPT4132
IU207253,04-01-1977,26-08-2000,IDEPT8598
IU870184,13-04-1978,01-03-2011,IDEPT3062
IU130291,15-11-1993,18-09-2012,IDEPT2601
IU260748,05-06-1980,14-05-2011,IDEPT2601
IU708882,09-11-1980,27-07-2010,IDEPT3115
IU542930,16-09-1990,26-03-2011,IDEPT1423
IU703243,25-12-1992,06-01-2001,IDEPT1388
IU606698,07-08-1983,21-10-2008,IDEPT2425
IU239841,15-01-1971,07-01-2008,IDEPT8598
IU306943,04-01-1987,17-12-2011,IDEPT5109
IU687116,22-01-1988,19-02-2001,IDEPT5881
IU527521,13-11-1993,09-03-2006,IDEPT8313
IU779542,14-10-1969,20-08-1999,IDEPT4938
IU539247,26-04-1994,23-06-2006,IDEPT8379
IU437570,27-06-1984,11-06-2003,IDEPT7626
IU750441,23-07-1976,30-07-2007,IDEPT7626
IU647159,23-11-1990,18-11-2002,IDEPT4132
IU757212,06-05-1978,11-04-2008,IDEPT8598
IU653513,14-02-1989,23-09-2005,IDEPT1367
IU572652,27-08-1972,03-09-2008,IDEPT8598
IU454140,30-06-1973,24-11-2001,IDEPT4670
IU308087,29-06-1981,21-03-2014,IDEPT5881
IU657759,01-03-1990,08-08-2013,IDEPT2357
IU938965,02-06-1974,24-03-2004,IDEPT5528
IU329659,23-09-1978,05-04-2004,IDEPT4055
IU344368,01-11-1985,15-09-2011,IDEPT3115
IU864819,23-10-1969,25-11-2012,IDEPT5408
IU360490,31-08-1989,02-07-2000,IDEPT2425
IU605773,06-02-1994,01-03-2012,IDEPT1142
IU599911,20-07-1972,01-03-2008,IDEPT2357
IU720734,07-09-1969,29-10-2001,IDEPT4055
IU274936,27-02-1976,08-04-2002,IDEPT3115
IU552022,29-09-1984,24-07-2001,IDEPT5881
IU474647,28-07-1970,15-07-2010,IDEPT2357
IU321200,25-11-1982,16-12-2012,IDEPT1533
IU209716,07-04-1982,08-09-2004,IDEPT1423
IU205005,17-10-1972,23-08-2004,IDEPT8313
IU507952,13-12-1993,28-08-1999,IDEPT2054
IU222618,29-10-1977,13-07-2013,IDEPT3115
IU480985,28-02-1975,29-07-2010,IDEPT1825
IU896446,14-11-1980,11-03-2010,IDEPT7783
IU751204,30-09-1992,10-02-2014,IDEPT1615
IU953296,16-11-1969,10-08-2012,IDEPT2357
IU366150,14-12-1970,28-09-1999,IDEPT1378
IU906960,25-03-1975,28-10-2009,IDEPT3062
IU320638,02-03-1987,25-01-2004,IDEPT1378
IU438036,08-04-1991,14-10-2011,IDEPT2357
IU821055,11-04-1976,18-08-2002,IDEPT5408
IU700570,19-03-1978,02-06-2001,IDEPT1367
IU401807,10-12-1982,12-08-2013,IDEPT4670
IU655888,09-01-1976,22-05-2002,IDEPT5881
IU622700,17-06-1987,10-02-2003,IDEPT1825
IU244911,21-01-1970,31-07-2003,IDEPT5881
IU585698,29-09-1986,13-02-2010,IDEPT5109
IU304862,29-11-1981,31-12-2012,IDEPT1537
IU227298,25-09-1988,05-12-2013,IDEPT1388
IU162287,28-11-1971,27-03-2013,IDEPT5881
IU677671,09-08-1991,15-06-2012,IDEPT3868
IU660707,07-08-1981,28-05-2002,IDEPT8379
IU258650,05-09-1969,29-09-2007,IDEPT2054
IU809461,13-05-1984,24-10-2003,IDEPT6347
IU861866,20-10-1978,09-08-2004,IDEPT6347
IU156957,17-07-1991,15-11-2007,IDEPT4132
IU617610,07-11-1973,14-03-2001,IDEPT1825
IU512234,08-04-1981,05-02-2005,IDEPT3868
IU535717,25-04-1987,16-05-2009,IDEPT5408
IU397061,26-08-1970,23-10-2007,IDEPT2357
IU563147,11-08-1970,05-04-2003,IDEPT5109
IU808795,13-04-1979,08-12-2013,IDEPT5528
IU630673,20-07-1981,09-04-2004,IDEPT5109
IU320251,05-12-1989,19-08-2001,IDEPT7626
IU262292,08-05-1975,11-10-1999,IDEPT2357
IU339694,28-09-1991,01-03-2005,IDEPT1677
IU533955,16-08-1970,29-07-2001,IDEPT7783
IU516918,17-05-1980,13-01-2007,IDEPT5109
IU337123,02-12-1971,25-10-2009,IDEPT2425
IU528605,21-05-1977,25-03-2003,IDEPT2054
IU980189,11-05-1988,28-10-2001,IDEPT4055
IU518359,19-08-1986,24-05-2010,IDEPT1537
IU872566,15-03-1977,14-05-2004,IDEPT1677
IU163495,08-04-1972,01-04-2006,IDEPT4132
IU471619,22-03-1971,14-12-2000,IDEPT1388
IU627593,15-11-1976,01-07-2014,IDEPT1677
IU832906,14-08-1991,22-07-2002,IDEPT2601
IU814496,24-09-1986,04-07-2003,IDEPT5127
IU977874,14-01-1992,30-05-2003,IDEPT8379
IU726374,16-06-1985,14-03-2012,IDEPT5127
IU265303,21-06-1983,18-03-2006,IDEPT3778
IU223337,25-04-1980,18-04-2005,IDEPT4938
IU520521,06-09-1984,16-03-2009,IDEPT1378
IU528239,13-07-1991,11-02-2012,IDEPT5408
IU289913,11-10-1978,13-03-2007,IDEPT4132
IU991192,08-05-1993,23-12-2010,IDEPT2601
IU530916,21-01-1994,21-03-2004,IDEPT1423
IU330488,05-06-1982,03-09-2011,IDEPT4055
IU965862,21-04-1983,07-07-2006,IDEPT1615
IU675172,18-06-1985,21-09-2003,IDEPT7005
IU528851,05-10-1990,09-12-2000,IDEPT7005
IU973666,17-01-1976,09-11-2005,IDEPT1533
IU592455,14-08-1985,29-03-2007,IDEPT1825
IU764193,08-06-1988,21-12-2001,IDEPT8598
IU740074,29-10-1987,09-11-2013,IDEPT1677
IU862023,12-05-1973,10-02-2008,IDEPT5408
IU877564,24-06-1975,19-09-2013,IDEPT2054
IU329440,24-09-1970,10-03-2000,IDEPT5528
IU971589,27-01-1984,20-12-2009,IDEPT1825
IU927296,30-07-1987,21-11-2012,IDEPT5408
IU832084,05-05-1986,21-08-1999,IDEPT4670
IU810218,25-11-1970,20-12-2002,IDEPT3062
IU120978,21-09-1992,17-10-2006,IDEPT2054
IU167665,11-11-1976,07-09-2006,IDEPT1677
IU672768,01-12-1976,07-06-2001,IDEPT5408
IU991869,22-11-1990,29-06-2006,IDEPT3115
IU397520,01-04-1986,14-10-2004,IDEPT5127
IU996380,30-05-1987,29-07-2010,IDEPT8313
IU498691,16-03-1991,16-04-2000,IDEPT4055
IU433572,23-02-1973,26-04-2008,IDEPT1677
IU805446,01-10-1976,26-11-2004,IDEPT5528
IU893923,28-04-1981,12-02-2014,IDEPT1533
IU170453,26-01-1991,09-03-2012,IDEPT3868
IU280558,27-08-1992,23-03-2010,IDEPT3868
IU152086,13-04-1980,24-03-2003,IDEPT8598
IU767531,01-02-1980,01-10-2008,IDEPT1533
IU714639,15-01-1974,20-09-2007,IDEPT1825
IU803409,14-12-1987,19-04-2004,IDEPT1423
IU116135,10-01-1993,19-02-2002,IDEPT4055
IU401466,05-10-1975,03-02-2006,IDEPT2425
IU651719,03-11-1983,21-04-2002,IDEPT1537
IU322269,25-10-1980,19-08-2003,IDEPT4938
IU788355,09-04-1990,03-04-2013,IDEPT1537
IU745851,18-01-1976,21-10-2010,IDEPT3868
IU405429,16-04-1979,18-04-2001,IDEPT1388
IU416137,03-01-1990,24-05-2004,IDEPT7783
IU672206,20-01-1994,31-05-2002,IDEPT1537
IU809489,08-01-1982,01-08-2007,IDEPT1142
IU748262,28-06-1992,24-07-2010,IDEPT4132
IU173043,16-07-1977,05-11-2013,IDEPT2601
IU530057,06-05-1970,13-01-2002,IDEPT4670
IU834469,22-09-1976,11-07-2008,IDEPT1825
IU890155,19-12-1990,16-11-2002,IDEPT8313
IU476431,06-11-1975,23-12-2008,IDEPT4670
IU329506,24-04-1974,18-05-2004,IDEPT7783
IU593762,08-06-1992,19-03-2003,IDEPT4132
IU662779,10-06-1992,23-09-2000,IDEPT3115
IU574759,09-10-1984,16-11-2004,IDEPT2601
IU730631,27-10-1981,16-11-2000,IDEPT1378
IU437482,06-09-1978,08-03-2013,IDEPT2054
IU239453,09-07-1992,01-07-2000,IDEPT1423
IU615357,10-03-1990,28-12-2009,IDEPT3778
IU122113,14-11-1978,17-05-2014,IDEPT3062
IU374659,27-08-1974,05-06-2001,IDEPT1537
IU918128,04-10-1990,29-01-2010,IDEPT7783
IU985522,25-08-1989,19-05-2012,IDEPT5408
IU123206,08-03-1976,05-08-2011,IDEPT2357
IU681151,18-05-1972,22-03-2003,IDEPT1533
IU984266,23-09-1987,12-12-2002,IDEPT4670
IU241505,10-08-1972,01-10-2003,IDEPT2054
IU821602,24-08-1993,11-10-2009,IDEPT3062
IU420409,05-01-1978,11-09-2012,IDEPT1142
IU177348,20-12-1984,25-09-2013,IDEPT5127
IU232814,09-07-1977,13-08-2013,IDEPT7783
IU271787,15-07-1991,18-02-2010,IDEPT8598
IU887400,10-12-1979,04-10-2010,IDEPT2357
IU151161,30-12-1973,10-07-2008,IDEPT1388
IU400616,03-05-1992,05-10-1999,IDEPT1367
IU448523,24-02-1987,16-10-2005,IDEPT1615
IU201629,09-06-1983,06-07-2001,IDEPT8379
IU984907,09-04-1978,17-04-2000,IDEPT7005
IU624254,01-05-1977,15-07-2001,IDEPT1142
IU707322,29-06-1982,02-10-2007,IDEPT3062
IU660412,10-02-1984,03-02-2000,IDEPT3062
IU794124,28-08-1970,11-02-2007,IDEPT4132
IU253971,06-05-1979,11-01-2004,IDEPT3778
IU200572,16-01-1973,24-03-2000,IDEPT6347
IU150435,14-05-1975,26-06-2003,IDEPT8598
IU891757,29-01-1979,08-04-2003,IDEPT2054
IU961133,27-08-1990,28-09-1999,IDEPT1537
IU762876,24-10-1969,10-01-2003,IDEPT1388
IU603954,30-07-1970,18-02-2013,IDEPT1378
IU713337,28-11-1969,04-05-2011,IDEPT4670
IU953204,07-12-1983,14-07-2003,IDEPT4055
IU521061,14-06-1985,25-12-2012,IDEPT8313
IU627771,09-01-1972,12-08-2003,IDEPT2054
IU341894,17-02-1980,20-08-2002,IDEPT1677
IU586896,23-10-1970,24-03-2012,IDEPT1423
IU776330,14-01-1977,16-05-2002,IDEPT7005
IU890815,02-10-1977,06-09-2003,IDEPT1367
IU671826,05-06-1983,05-03-2014,IDEPT6347
IU791752,29-11-1970,06-06-2011,IDEPT6347
IU170358,25-06-1979,27-04-2006,IDEPT5127
IU654067,12-08-1992,22-11-2002,IDEPT2425
IU650118,21-07-1985,30-12-2004,IDEPT1388
IU843036,10-03-1993,07-06-2012,IDEPT5408
IU929942,13-02-1993,18-02-2008,IDEPT2357
IU517401,24-12-1975,01-06-2010,IDEPT1423
IU285869,24-04-1982,23-09-2007,IDEPT5528
IU619858,10-02-1991,26-01-2005,IDEPT1378
IU304401,18-09-1985,20-06-2004,IDEPT1825
IU116424,05-11-1975,22-04-2005,IDEPT1423
IU602103,29-08-1987,21-10-2000,IDEPT2054
IU317964,08-10-1975,24-03-2005,IDEPT7005
IU543375,28-01-1979,17-10-2011,IDEPT8313
IU555661,02-11-1982,11-06-2006,IDEPT2425
IU713736,06-08-1985,06-10-2010,IDEPT8313
IU673007,14-08-1973,10-09-2001,IDEPT8313
IU379853,23-08-1989,11-11-2012,IDEPT5408
IU935219,26-08-1990,28-12-2002,IDEPT7626
IU964095,22-12-1984,19-11-2012,IDEPT3115
IU472107,11-05-1982,12-01-2003,IDEPT3062
IU399885,22-12-1986,24-08-2000,IDEPT1825
IU873858,11-06-1986,21-06-2000,IDEPT3778
IU578559,22-10-1992,22-01-2002,IDEPT1423
IU476264,29-04-1993,21-12-2006,IDEPT4132
IU906317,01-05-1985,07-11-2009,IDEPT5408
IU206494,21-06-1977,01-03-2008,IDEPT1677
IU613957,03-09-1970,04-07-2010,IDEPT1378
IU303373,12-09-1978,12-05-2003,IDEPT1825
IU910844,16-03-1983,29-11-2008,IDEPT1367
IU733295,02-09-1986,04-10-2007,IDEPT1423
IU359720,02-08-1989,13-02-2004,IDEPT7626
IU507081,29-09-1978,11-10-2000,IDEPT8379
IU250094,24-08-1987,08-03-2006,IDEPT5408
IU929775,22-06-1994,02-09-2009,IDEPT4670
IU617264,09-06-1974,09-04-2007,IDEPT8598
IU200457,01-05-1983,30-07-1999,IDEPT5127
IU980084,04-07-1976,22-01-2012,IDEPT7783
IU352515,02-12-1990,23-11-2002,IDEPT6347
IU623351,24-02-1981,26-07-2000,IDEPT7005
IU194684,28-10-1989,09-07-2007,IDEPT5127
IU998793,17-10-1969,14-03-2000,IDEPT2425
IU371068,09-09-1979,31-01-2007,IDEPT1378
IU552382,09-08-1975,02-11-2010,IDEPT7005
IU143787,30-08-1969,30-01-2007,IDEPT3868
IU909818,14-01-1971,09-05-2005,IDEPT3062
IU287527,18-05-1984,05-02-2002,IDEPT7626
IU613561,23-08-1977,17-11-2010,IDEPT3868
IU758488,21-04-1993,18-05-2001,IDEPT8379
IU585322,12-08-1990,25-08-1999,IDEPT2054
IU242030,08-06-1970,20-05-2010,IDEPT8313
IU730124,04-01-1978,26-10-2011,IDEPT2357
IU862686,28-07-1980,23-09-2006,IDEPT8598
IU931024,10-01-1984,26-10-2012,IDEPT1388
IU683803,26-11-1971,12-03-2011,IDEPT1677
IU616328,17-03-1973,28-03-2010,IDEPT1378
IU510723,09-09-1980,06-05-2001,IDEPT8313
IU553615,21-11-1977,22-05-2014,IDEPT3778
IU114836,24-03-1985,23-09-2007,IDEPT2601
IU867116,21-09-1978,27-02-2000,IDEPT2054
IU935818,29-11-1980,21-12-2009,IDEPT2601
IU317917,12-02-1973,26-04-2006,IDEPT4132
IU556938,26-10-1982,06-10-2003,IDEPT5109
IU744313,12-10-1986,24-06-2009,IDEPT7626
IU849114,17-04-1993,01-11-2010,IDEPT3062
IU625000,29-11-1987,17-12-2009,IDEPT1367
IU919255,02-04-1986,22-10-2010,IDEPT4055
IU486083,11-10-1981,16-03-2001,IDEPT4055
IU219101,16-03-1992,19-06-2005,IDEPT1825
IU697995,27-09-1979,12-12-1999,IDEPT1537
IU826801,27-10-1982,24-08-2010,IDEPT5528
IU234435,22-04-1976,09-03-2013,IDEPT1537
IU413103,30-07-1983,26-06-2012,IDEPT1825
IU168378,28-10-1990,14-03-2007,IDEPT3062
IU808018,25-12-1987,19-07-2003,IDEPT7783
IU377229,10-09-1984,08-05-2010,IDEPT1537
IU570965,07-10-1975,10-02-2004,IDEPT1423
IU875236,04-03-1977,21-02-2010,IDEPT3115
IU823846,16-06-1985,06-04-2011,IDEPT7005
IU369141,15-11-1989,26-04-2014,IDEPT4670
IU336214,05-06-1991,04-01-2005,IDEPT4670
IU752472,20-04-1977,04-01-2011,IDEPT5881
IU964058,20-02-1984,02-02-2006,IDEPT1677
IU653069,04-09-1983,13-01-2001,IDEPT2425
IU274479,21-03-1979,26-08-2013,IDEPT1423
IU359728,28-06-1980,27-01-2003,IDEPT4938
IU470744,01-11-1977,25-03-2012,IDEPT1142
IU612475,22-02-1989,25-10-2013,IDEPT4132
IU590434,07-03-1988,18-10-2003,IDEPT2054
IU907621,10-09-1983,30-04-2002,IDEPT2357
IU816094,01-12-1983,03-01-2004,IDEPT3062
IU301584,18-02-1988,01-11-2003,IDEPT7626
IU400785,17-07-1978,11-05-2000,IDEPT7005
IU701574,25-02-1972,05-06-2013,IDEPT8379
IU348623,21-07-1971,20-05-2002,IDEPT1825
IU805948,23-09-1991,25-04-2000,IDEPT1825
IU436324,17-01-1994,06-03-2010,IDEPT5408
IU647516,18-11-1984,08-09-2000,IDEPT1367
IU543975,18-01-1971,30-12-2006,IDEPT7005
IU378028,02-07-1973,21-12-2005,IDEPT4938
IU824346,16-01-1979,14-02-2014,IDEPT3115
IU869235,31-10-1969,22-03-2002,IDEPT5109
IU566285,21-02-1985,27-09-2004,IDEPT2357
IU251361,22-04-1979,30-07-2012,IDEPT8598
IU790540,24-10-1974,24-09-2007,IDEPT3778
IU207673,06-05-1989,20-01-2011,IDEPT5528
IU877680,18-08-1982,13-02-2007,IDEPT4132
IU749422,04-11-1980,09-09-2007,IDEPT1367
IU245300,17-10-1983,13-04-2002,IDEPT5127
IU476083,18-05-1976,23-03-2005,IDEPT7783
IU866402,19-05-1972,16-05-2013,IDEPT3868
IU879726,19-04-1977,08-07-2002,IDEPT1533
IU572615,04-01-1986,29-10-2010,IDEPT1142
IU529594,06-02-1976,05-12-2004,IDEPT4670
IU602409,02-06-1975,14-05-2011,IDEPT4132
IU528393,25-01-1979,17-06-2013,IDEPT1388
IU915290,28-05-1987,06-01-2001,IDEPT3778
IU617258,22-08-1974,26-11-2001,IDEPT1537
IU440707,27-02-1993,15-02-2006,IDEPT5109
IU112687,18-06-1982,03-09-2012,IDEPT5127
IU479810,12-02-1992,14-11-2003,IDEPT8379
IU303187,07-10-1972,23-10-1999,IDEPT2357
IU242313,08-03-1976,11-06-2012,IDEPT2054
IU531414,18-09-1993,24-03-2009,IDEPT4055
IU227668,20-02-1985,08-11-2005,IDEPT8598
IU528779,13-06-1985,06-11-1999,IDEPT3062
IU874473,06-02-1984,15-11-1999,IDEPT7783
IU800953,17-09-1970,05-12-2002,IDEPT1677
